libreria,footprint,file,stato,riferimento_modello,dettaglio
lcd_kingtech,KINGTECH_DW0240A2BZ,footprints/display/lcd_kingtech.pretty/KINGTECH_DW0240A2BZ.kicad_mod,nessun_modello,,
lcd_kingtech,KINGTECH_DW0240A2BZ_PANEL,footprints/display/lcd_kingtech.pretty/KINGTECH_DW0240A2BZ_PANEL.kicad_mod,nessun_modello,,
lcd_kingtech,PV043WV-BICA3001_DSI,footprints/display/lcd_kingtech.pretty/PV043WV-BICA3001_DSI.kicad_mod,nessun_modello,,
lattice,ECP5EVB_VERSA,footprints/fpga_cpld/lattice.pretty/ECP5EVB_VERSA.kicad_mod,nessun_modello,,
lattice,LATTICE_BGA_CABGA381,footprints/fpga_cpld/lattice.pretty/LATTICE_BGA_CABGA381.kicad_mod,nessun_modello,,
lattice,LATTICE_BGA_CSFBGA285,footprints/fpga_cpld/lattice.pretty/LATTICE_BGA_CSFBGA285.kicad_mod,nessun_modello,,
xilinx,XILINX_CP[G]236,footprints/fpga_cpld/xilinx.pretty/XILINX_CP[G]236.kicad_mod,nessun_modello,,
PCIexpress,PCIexpress_x1,footprints/interface/PCIexpress.pretty/PCIexpress_x1.kicad_mod,nessun_modello,,
PCIexpress,PCIexpress_x16,footprints/interface/PCIexpress.pretty/PCIexpress_x16.kicad_mod,nessun_modello,,
PCIexpress,PCIexpress_x4,footprints/interface/PCIexpress.pretty/PCIexpress_x4.kicad_mod,nessun_modello,,
PCIexpress,PCIexpress_x8,footprints/interface/PCIexpress.pretty/PCIexpress_x8.kicad_mod,nessun_modello,,
hdmi,FCI_10029449-11[13]RLF,footprints/interface/hdmi.pretty/FCI_10029449-11[13]RLF.kicad_mod,nessun_modello,,
usb3_esd_son50-10,USB3_ESD_SON50-10,footprints/interface/usb3_esd_son50-10.pretty/USB3_ESD_SON50-10.kicad_mod,nessun_modello,,
usb3_micro_ab,USB3_MICRO_AB,footprints/interface/usb3_micro_ab.pretty/USB3_MICRO_AB.kicad_mod,nessun_modello,,
TMUX1112RSVR,RSV0016A-MFG,footprints/logic/TMUX1112RSVR.pretty/RSV0016A-MFG.kicad_mod,nessun_modello,,
Keebio-Parts,3_Pin_Jumper,footprints/mechanical/Keebio-Parts.pretty/3_Pin_Jumper.kicad_mod,nessun_modello,,
Keebio-Parts,4pin35mmAudio,footprints/mechanical/Keebio-Parts.pretty/4pin35mmAudio.kicad_mod,nessun_modello,,
Keebio-Parts,ArduinoProMicro-BackSide,footprints/mechanical/Keebio-Parts.pretty/ArduinoProMicro-BackSide.kicad_mod,nessun_modello,,
Keebio-Parts,ArduinoProMicro-Mini-USB-No-Text,footprints/mechanical/Keebio-Parts.pretty/ArduinoProMicro-Mini-USB-No-Text.kicad_mod,nessun_modello,,
Keebio-Parts,ArduinoProMicro-Mini-USB-ZigZag,footprints/mechanical/Keebio-Parts.pretty/ArduinoProMicro-Mini-USB-ZigZag.kicad_mod,nessun_modello,,
Keebio-Parts,ArduinoProMicro-Mini-USB,footprints/mechanical/Keebio-Parts.pretty/ArduinoProMicro-Mini-USB.kicad_mod,nessun_modello,,
Keebio-Parts,ArduinoProMicro-TopSide,footprints/mechanical/Keebio-Parts.pretty/ArduinoProMicro-TopSide.kicad_mod,nessun_modello,,
Keebio-Parts,ArduinoProMicro-ZigZag,footprints/mechanical/Keebio-Parts.pretty/ArduinoProMicro-ZigZag.kicad_mod,nessun_modello,,
Keebio-Parts,ArduinoProMicro,footprints/mechanical/Keebio-Parts.pretty/ArduinoProMicro.kicad_mod,nessun_modello,,
Keebio-Parts,Cherry-MX-Low-Profile,footprints/mechanical/Keebio-Parts.pretty/Cherry-MX-Low-Profile.kicad_mod,nessun_modello,,
Keebio-Parts,Diode-hybrid-3pad,footprints/mechanical/Keebio-Parts.pretty/Diode-hybrid-3pad.kicad_mod,nessun_modello,,
Keebio-Parts,Elite-AF-staggered,footprints/mechanical/Keebio-Parts.pretty/Elite-AF-staggered.kicad_mod,nessun_modello,,
Keebio-Parts,Elite-AF-wide,footprints/mechanical/Keebio-Parts.pretty/Elite-AF-wide.kicad_mod,nessun_modello,,
Keebio-Parts,Elite-AF,footprints/mechanical/Keebio-Parts.pretty/Elite-AF.kicad_mod,nessun_modello,,
Keebio-Parts,Elite-C-ZigZag,footprints/mechanical/Keebio-Parts.pretty/Elite-C-ZigZag.kicad_mod,nessun_modello,,
Keebio-Parts,Elite-C-castellated-24pin-holes,footprints/mechanical/Keebio-Parts.pretty/Elite-C-castellated-24pin-holes.kicad_mod,nessun_modello,,
Keebio-Parts,Elite-C-castellated-24pin,footprints/mechanical/Keebio-Parts.pretty/Elite-C-castellated-24pin.kicad_mod,nessun_modello,,
Keebio-Parts,Elite-C-castellated-29pin-holes,footprints/mechanical/Keebio-Parts.pretty/Elite-C-castellated-29pin-holes.kicad_mod,nessun_modello,,
Keebio-Parts,Elite-C-castellated-29pin,footprints/mechanical/Keebio-Parts.pretty/Elite-C-castellated-29pin.kicad_mod,nessun_modello,,
Keebio-Parts,Elite-C,footprints/mechanical/Keebio-Parts.pretty/Elite-C.kicad_mod,nessun_modello,,
Keebio-Parts,Elite-G-ZigZag-Bare-Flip,footprints/mechanical/Keebio-Parts.pretty/Elite-G-ZigZag-Bare-Flip.kicad_mod,nessun_modello,,
Keebio-Parts,Elite-G-ZigZag-Bare,footprints/mechanical/Keebio-Parts.pretty/Elite-G-ZigZag-Bare.kicad_mod,nessun_modello,,
Keebio-Parts,Elite-G-ZigZag,footprints/mechanical/Keebio-Parts.pretty/Elite-G-ZigZag.kicad_mod,nessun_modello,,
Keebio-Parts,Epson_TSX-3225,footprints/mechanical/Keebio-Parts.pretty/Epson_TSX-3225.kicad_mod,nessun_modello,,
Keebio-Parts,Gateron-KS33-2u-Stabilizer-Cutout,footprints/mechanical/Keebio-Parts.pretty/Gateron-KS33-2u-Stabilizer-Cutout.kicad_mod,nessun_modello,,
Keebio-Parts,I2C_Breakout,footprints/mechanical/Keebio-Parts.pretty/I2C_Breakout.kicad_mod,nessun_modello,,
Keebio-Parts,JUMPER_SMD_2DUB,footprints/mechanical/Keebio-Parts.pretty/JUMPER_SMD_2DUB.kicad_mod,nessun_modello,,
Keebio-Parts,KLJ-1102,footprints/mechanical/Keebio-Parts.pretty/KLJ-1102.kicad_mod,nessun_modello,,
Keebio-Parts,Kailh-Choc-V2-2u-Stabilizer-CPG1353G24D01-Cutout,footprints/mechanical/Keebio-Parts.pretty/Kailh-Choc-V2-2u-Stabilizer-CPG1353G24D01-Cutout.kicad_mod,nessun_modello,,
Keebio-Parts,Kailh-PG1350-1.25u-LED-flip,footprints/mechanical/Keebio-Parts.pretty/Kailh-PG1350-1.25u-LED-flip.kicad_mod,nessun_modello,,
Keebio-Parts,Kailh-PG1350-1.25u-No-Clickhole,footprints/mechanical/Keebio-Parts.pretty/Kailh-PG1350-1.25u-No-Clickhole.kicad_mod,nessun_modello,,
Keebio-Parts,Kailh-PG1350-1.25u-NoLED,footprints/mechanical/Keebio-Parts.pretty/Kailh-PG1350-1.25u-NoLED.kicad_mod,nessun_modello,,
Keebio-Parts,Kailh-PG1350-1.25u,footprints/mechanical/Keebio-Parts.pretty/Kailh-PG1350-1.25u.kicad_mod,nessun_modello,,
Keebio-Parts,Kailh-PG1350-1.5u-No-Clickhole,footprints/mechanical/Keebio-Parts.pretty/Kailh-PG1350-1.5u-No-Clickhole.kicad_mod,nessun_modello,,
Keebio-Parts,Kailh-PG1350-1.5u-NoLED,footprints/mechanical/Keebio-Parts.pretty/Kailh-PG1350-1.5u-NoLED.kicad_mod,nessun_modello,,
Keebio-Parts,Kailh-PG1350-1.5u,footprints/mechanical/Keebio-Parts.pretty/Kailh-PG1350-1.5u.kicad_mod,nessun_modello,,
Keebio-Parts,Kailh-PG1350-1.75u-No-Clickhole,footprints/mechanical/Keebio-Parts.pretty/Kailh-PG1350-1.75u-No-Clickhole.kicad_mod,nessun_modello,,
Keebio-Parts,Kailh-PG1350-1.75u-NoLED,footprints/mechanical/Keebio-Parts.pretty/Kailh-PG1350-1.75u-NoLED.kicad_mod,nessun_modello,,
Keebio-Parts,Kailh-PG1350-1u-No-Clickhole,footprints/mechanical/Keebio-Parts.pretty/Kailh-PG1350-1u-No-Clickhole.kicad_mod,nessun_modello,,
Keebio-Parts,Kailh-PG1350-1u-NoLED,footprints/mechanical/Keebio-Parts.pretty/Kailh-PG1350-1u-NoLED.kicad_mod,nessun_modello,,
Keebio-Parts,Kailh-PG1350-1u-reversible-No-Clickhole,footprints/mechanical/Keebio-Parts.pretty/Kailh-PG1350-1u-reversible-No-Clickhole.kicad_mod,nessun_modello,,
Keebio-Parts,Kailh-PG1350-1u-reversible-flip,footprints/mechanical/Keebio-Parts.pretty/Kailh-PG1350-1u-reversible-flip.kicad_mod,nessun_modello,,
Keebio-Parts,Kailh-PG1350-1u-reversible,footprints/mechanical/Keebio-Parts.pretty/Kailh-PG1350-1u-reversible.kicad_mod,nessun_modello,,
Keebio-Parts,Kailh-PG1350-1u,footprints/mechanical/Keebio-Parts.pretty/Kailh-PG1350-1u.kicad_mod,nessun_modello,,
Keebio-Parts,Kailh-PG1350-2.25u-No-Clickhole,footprints/mechanical/Keebio-Parts.pretty/Kailh-PG1350-2.25u-No-Clickhole.kicad_mod,nessun_modello,,
Keebio-Parts,Kailh-PG1350-2.25u-NoLED,footprints/mechanical/Keebio-Parts.pretty/Kailh-PG1350-2.25u-NoLED.kicad_mod,nessun_modello,,
Keebio-Parts,Kailh-PG1350-2.25u-NoSwitch,footprints/mechanical/Keebio-Parts.pretty/Kailh-PG1350-2.25u-NoSwitch.kicad_mod,nessun_modello,,
Keebio-Parts,Kailh-PG1350-2.5u,footprints/mechanical/Keebio-Parts.pretty/Kailh-PG1350-2.5u.kicad_mod,nessun_modello,,
Keebio-Parts,Kailh-PG1350-2u-No-Clickhole,footprints/mechanical/Keebio-Parts.pretty/Kailh-PG1350-2u-No-Clickhole.kicad_mod,nessun_modello,,
Keebio-Parts,Kailh-PG1350-2u-NoLED,footprints/mechanical/Keebio-Parts.pretty/Kailh-PG1350-2u-NoLED.kicad_mod,nessun_modello,,
Keebio-Parts,Kailh-PG1350-2u-Vert-NoLED,footprints/mechanical/Keebio-Parts.pretty/Kailh-PG1350-2u-Vert-NoLED.kicad_mod,nessun_modello,,
Keebio-Parts,Kailh-PG1350-2u,footprints/mechanical/Keebio-Parts.pretty/Kailh-PG1350-2u.kicad_mod,nessun_modello,,
Keebio-Parts,Kailh-PG1350-Stab-Cutout,footprints/mechanical/Keebio-Parts.pretty/Kailh-PG1350-Stab-Cutout.kicad_mod,nessun_modello,,
Keebio-Parts,Kailh_MX_Socket-compat,footprints/mechanical/Keebio-Parts.pretty/Kailh_MX_Socket-compat.kicad_mod,nessun_modello,,
Keebio-Parts,Low-Profile-Choc-MX,footprints/mechanical/Keebio-Parts.pretty/Low-Profile-Choc-MX.kicad_mod,nessun_modello,,
Keebio-Parts,MX-1u-Flex,footprints/mechanical/Keebio-Parts.pretty/MX-1u-Flex.kicad_mod,nessun_modello,,
Keebio-Parts,MX-Alps-Choc-1U-No-Clickhole-NoLED,footprints/mechanical/Keebio-Parts.pretty/MX-Alps-Choc-1U-No-Clickhole-NoLED.kicad_mod,nessun_modello,,
Keebio-Parts,MX-Alps-Choc-1U-No-Clickhole,footprints/mechanical/Keebio-Parts.pretty/MX-Alps-Choc-1U-No-Clickhole.kicad_mod,nessun_modello,,
Keebio-Parts,MX-Alps-Choc-1U-NoLED-Alt,footprints/mechanical/Keebio-Parts.pretty/MX-Alps-Choc-1U-NoLED-Alt.kicad_mod,nessun_modello,,
Keebio-Parts,MX-Alps-Choc-1U-NoLED,footprints/mechanical/Keebio-Parts.pretty/MX-Alps-Choc-1U-NoLED.kicad_mod,nessun_modello,,
Keebio-Parts,MX-Alps-Choc-1U,footprints/mechanical/Keebio-Parts.pretty/MX-Alps-Choc-1U.kicad_mod,nessun_modello,,
Keebio-Parts,MX-Alps-Choc-2U-StabFlip,footprints/mechanical/Keebio-Parts.pretty/MX-Alps-Choc-2U-StabFlip.kicad_mod,nessun_modello,,
Keebio-Parts,MX-Alps-Choc-2U,footprints/mechanical/Keebio-Parts.pretty/MX-Alps-Choc-2U.kicad_mod,nessun_modello,,
Keebio-Parts,MX-Alps-Choc_V1V2-1U-NoLED-Alt,footprints/mechanical/Keebio-Parts.pretty/MX-Alps-Choc_V1V2-1U-NoLED-Alt.kicad_mod,nessun_modello,,
Keebio-Parts,MX-Alps-Choc_V1V2_KS-33-1U-NoLED-Alt,footprints/mechanical/Keebio-Parts.pretty/MX-Alps-Choc_V1V2_KS-33-1U-NoLED-Alt.kicad_mod,nessun_modello,,
Keebio-Parts,MX-Alps_DMask-cutout,footprints/mechanical/Keebio-Parts.pretty/MX-Alps_DMask-cutout.kicad_mod,nessun_modello,,
Keebio-Parts,MX-Alps_DMask,footprints/mechanical/Keebio-Parts.pretty/MX-Alps_DMask.kicad_mod,nessun_modello,,
Keebio-Parts,MX-Alps_FMask-2u,footprints/mechanical/Keebio-Parts.pretty/MX-Alps_FMask-2u.kicad_mod,nessun_modello,,
Keebio-Parts,MX-Alps_FMask,footprints/mechanical/Keebio-Parts.pretty/MX-Alps_FMask.kicad_mod,nessun_modello,,
Keebio-Parts,MX-Alps_Switch_Cutout-1u_1.25u-3u-wide,footprints/mechanical/Keebio-Parts.pretty/MX-Alps_Switch_Cutout-1u_1.25u-3u-wide.kicad_mod,nessun_modello,,
Keebio-Parts,MX-Alps_Switch_Cutout-1u_1.25u,footprints/mechanical/Keebio-Parts.pretty/MX-Alps_Switch_Cutout-1u_1.25u.kicad_mod,nessun_modello,,
Keebio-Parts,MX-Alps_Switch_Cutout-1u_2u,footprints/mechanical/Keebio-Parts.pretty/MX-Alps_Switch_Cutout-1u_2u.kicad_mod,nessun_modello,,
Keebio-Parts,MX-Alps_Switch_Cutout-3u-wide,footprints/mechanical/Keebio-Parts.pretty/MX-Alps_Switch_Cutout-3u-wide.kicad_mod,nessun_modello,,
Keebio-Parts,MX-Alps_Switch_Cutout,footprints/mechanical/Keebio-Parts.pretty/MX-Alps_Switch_Cutout.kicad_mod,nessun_modello,,
Keebio-Parts,MX-Plated-Cutout-1u,footprints/mechanical/Keebio-Parts.pretty/MX-Plated-Cutout-1u.kicad_mod,nessun_modello,,
Keebio-Parts,MX-Quad,footprints/mechanical/Keebio-Parts.pretty/MX-Quad.kicad_mod,nessun_modello,,
Keebio-Parts,MX_FMask-2u-with-cutout,footprints/mechanical/Keebio-Parts.pretty/MX_FMask-2u-with-cutout.kicad_mod,nessun_modello,,
Keebio-Parts,MX_FMask-2u,footprints/mechanical/Keebio-Parts.pretty/MX_FMask-2u.kicad_mod,nessun_modello,,
Keebio-Parts,MX_FMask-with-EC11-cutout,footprints/mechanical/Keebio-Parts.pretty/MX_FMask-with-EC11-cutout.kicad_mod,nessun_modello,,
Keebio-Parts,MX_FMask-with-cutout,footprints/mechanical/Keebio-Parts.pretty/MX_FMask-with-cutout.kicad_mod,nessun_modello,,
Keebio-Parts,MX_FMask,footprints/mechanical/Keebio-Parts.pretty/MX_FMask.kicad_mod,nessun_modello,,
Keebio-Parts,MX_LED,footprints/mechanical/Keebio-Parts.pretty/MX_LED.kicad_mod,nessun_modello,,
Keebio-Parts,MX_Stabilizer_Cutout-2u,footprints/mechanical/Keebio-Parts.pretty/MX_Stabilizer_Cutout-2u.kicad_mod,nessun_modello,,
Keebio-Parts,MX_Stabilizer_Cutout,footprints/mechanical/Keebio-Parts.pretty/MX_Stabilizer_Cutout.kicad_mod,nessun_modello,,
Keebio-Parts,MX_Switch_Cutout,footprints/mechanical/Keebio-Parts.pretty/MX_Switch_Cutout.kicad_mod,nessun_modello,,
Keebio-Parts,MX_Switch_Mod_Cutout,footprints/mechanical/Keebio-Parts.pretty/MX_Switch_Mod_Cutout.kicad_mod,nessun_modello,,
Keebio-Parts,Mini-USB,footprints/mechanical/Keebio-Parts.pretty/Mini-USB.kicad_mod,nessun_modello,,
Keebio-Parts,MountingHole,footprints/mechanical/Keebio-Parts.pretty/MountingHole.kicad_mod,nessun_modello,,
Keebio-Parts,MountingHole_3.2mm_M3_ISO14580_Pad,footprints/mechanical/Keebio-Parts.pretty/MountingHole_3.2mm_M3_ISO14580_Pad.kicad_mod,nessun_modello,,
Keebio-Parts,NovelKeys_Kailh_Big_Series_Switch,footprints/mechanical/Keebio-Parts.pretty/NovelKeys_Kailh_Big_Series_Switch.kicad_mod,nessun_modello,,
Keebio-Parts,RGB-6028,footprints/mechanical/Keebio-Parts.pretty/RGB-6028.kicad_mod,nessun_modello,,
Keebio-Parts,RGB_3528_Blue_Notch-MX-Flip,footprints/mechanical/Keebio-Parts.pretty/RGB_3528_Blue_Notch-MX-Flip.kicad_mod,nessun_modello,,
Keebio-Parts,RGB_3528_Blue_Notch-MX,footprints/mechanical/Keebio-Parts.pretty/RGB_3528_Blue_Notch-MX.kicad_mod,nessun_modello,,
Keebio-Parts,RGB_3528_Blue_Notch,footprints/mechanical/Keebio-Parts.pretty/RGB_3528_Blue_Notch.kicad_mod,nessun_modello,,
Keebio-Parts,Reset_Breakout,footprints/mechanical/Keebio-Parts.pretty/Reset_Breakout.kicad_mod,nessun_modello,,
Keebio-Parts,Resistor-Compact-1-side,footprints/mechanical/Keebio-Parts.pretty/Resistor-Compact-1-side.kicad_mod,nessun_modello,,
Keebio-Parts,RotaryEncoder_Alps_EC11E-Switch_Vertical_H20mm,footprints/mechanical/Keebio-Parts.pretty/RotaryEncoder_Alps_EC11E-Switch_Vertical_H20mm.kicad_mod,nessun_modello,,
Keebio-Parts,RotaryEncoder_EC11-no-legs,footprints/mechanical/Keebio-Parts.pretty/RotaryEncoder_EC11-no-legs.kicad_mod,nessun_modello,,
Keebio-Parts,RotaryEncoder_EC11,footprints/mechanical/Keebio-Parts.pretty/RotaryEncoder_EC11.kicad_mod,nessun_modello,,
Keebio-Parts,RotaryEncoder_EC11_Nonplated,footprints/mechanical/Keebio-Parts.pretty/RotaryEncoder_EC11_Nonplated.kicad_mod,nessun_modello,,
Keebio-Parts,SM0805D,footprints/mechanical/Keebio-Parts.pretty/SM0805D.kicad_mod,nessun_modello,,
Keebio-Parts,SWD_Breakout,footprints/mechanical/Keebio-Parts.pretty/SWD_Breakout.kicad_mod,nessun_modello,,
Keebio-Parts,SW_choc_v1+v2_HS_CPG135001S30_1.25u,footprints/mechanical/Keebio-Parts.pretty/SW_choc_v1+v2_HS_CPG135001S30_1.25u.kicad_mod,nessun_modello,,
Keebio-Parts,SW_choc_v1+v2_HS_CPG135001S30_1.5u,footprints/mechanical/Keebio-Parts.pretty/SW_choc_v1+v2_HS_CPG135001S30_1.5u.kicad_mod,nessun_modello,,
Keebio-Parts,SW_choc_v1+v2_HS_CPG135001S30_1.75u,footprints/mechanical/Keebio-Parts.pretty/SW_choc_v1+v2_HS_CPG135001S30_1.75u.kicad_mod,nessun_modello,,
Keebio-Parts,SW_choc_v1+v2_HS_CPG135001S30_1u,footprints/mechanical/Keebio-Parts.pretty/SW_choc_v1+v2_HS_CPG135001S30_1u.kicad_mod,nessun_modello,,
Keebio-Parts,SW_choc_v1+v2_HS_CPG135001S30_2.25u,footprints/mechanical/Keebio-Parts.pretty/SW_choc_v1+v2_HS_CPG135001S30_2.25u.kicad_mod,nessun_modello,,
Keebio-Parts,SW_choc_v1+v2_HS_CPG135001S30_2.75u,footprints/mechanical/Keebio-Parts.pretty/SW_choc_v1+v2_HS_CPG135001S30_2.75u.kicad_mod,nessun_modello,,
Keebio-Parts,SW_choc_v1+v2_HS_CPG135001S30_2u,footprints/mechanical/Keebio-Parts.pretty/SW_choc_v1+v2_HS_CPG135001S30_2u.kicad_mod,nessun_modello,,
Keebio-Parts,SinglePad,footprints/mechanical/Keebio-Parts.pretty/SinglePad.kicad_mod,nessun_modello,,
Keebio-Parts,SolderJumper,footprints/mechanical/Keebio-Parts.pretty/SolderJumper.kicad_mod,nessun_modello,,
Keebio-Parts,SolderJumperLeft,footprints/mechanical/Keebio-Parts.pretty/SolderJumperLeft.kicad_mod,nessun_modello,,
Keebio-Parts,SolderJumperPair,footprints/mechanical/Keebio-Parts.pretty/SolderJumperPair.kicad_mod,nessun_modello,,
Keebio-Parts,SolderJumperRight,footprints/mechanical/Keebio-Parts.pretty/SolderJumperRight.kicad_mod,nessun_modello,,
Keebio-Parts,SolderJumperSet,footprints/mechanical/Keebio-Parts.pretty/SolderJumperSet.kicad_mod,nessun_modello,,
Keebio-Parts,SolderJumperSets,footprints/mechanical/Keebio-Parts.pretty/SolderJumperSets.kicad_mod,nessun_modello,,
Keebio-Parts,SolidCopper,footprints/mechanical/Keebio-Parts.pretty/SolidCopper.kicad_mod,nessun_modello,,
Keebio-Parts,TRRS-PJ-3013,footprints/mechanical/Keebio-Parts.pretty/TRRS-PJ-3013.kicad_mod,nessun_modello,,
Keebio-Parts,TRRS-PJ-320A-dual,footprints/mechanical/Keebio-Parts.pretty/TRRS-PJ-320A-dual.kicad_mod,nessun_modello,,
Keebio-Parts,TRRS-PJ-320A-no-Fmask,footprints/mechanical/Keebio-Parts.pretty/TRRS-PJ-320A-no-Fmask.kicad_mod,nessun_modello,,
Keebio-Parts,TRRS-PJ-320D,footprints/mechanical/Keebio-Parts.pretty/TRRS-PJ-320D.kicad_mod,nessun_modello,,
Keebio-Parts,TRRS-PJ-605,footprints/mechanical/Keebio-Parts.pretty/TRRS-PJ-605.kicad_mod,nessun_modello,,
Keebio-Parts,TRRS-PJ-606-6A,footprints/mechanical/Keebio-Parts.pretty/TRRS-PJ-606-6A.kicad_mod,nessun_modello,,
Keebio-Parts,TRRS-PJ-606-Mod,footprints/mechanical/Keebio-Parts.pretty/TRRS-PJ-606-Mod.kicad_mod,nessun_modello,,
Keebio-Parts,TRRS-PJ-606,footprints/mechanical/Keebio-Parts.pretty/TRRS-PJ-606.kicad_mod,nessun_modello,,
Keebio-Parts,TRRS_Jack-one-sided,footprints/mechanical/Keebio-Parts.pretty/TRRS_Jack-one-sided.kicad_mod,nessun_modello,,
Keebio-Parts,TRRS_Jack,footprints/mechanical/Keebio-Parts.pretty/TRRS_Jack.kicad_mod,nessun_modello,,
Keebio-Parts,TRRS_Jumper,footprints/mechanical/Keebio-Parts.pretty/TRRS_Jumper.kicad_mod,nessun_modello,,
Keebio-Parts,Teensy_2.0,footprints/mechanical/Keebio-Parts.pretty/Teensy_2.0.kicad_mod,nessun_modello,,
Keebio-Parts,Triple-Dual-1u-LED-flip,footprints/mechanical/Keebio-Parts.pretty/Triple-Dual-1u-LED-flip.kicad_mod,nessun_modello,,
Keebio-Parts,Triple-Dual-1u-LED,footprints/mechanical/Keebio-Parts.pretty/Triple-Dual-1u-LED.kicad_mod,nessun_modello,,
Keebio-Parts,Triple-Dual-2u-LED-stab-flip,footprints/mechanical/Keebio-Parts.pretty/Triple-Dual-2u-LED-stab-flip.kicad_mod,nessun_modello,,
Keebio-Parts,Triple-Dual-2u-LED,footprints/mechanical/Keebio-Parts.pretty/Triple-Dual-2u-LED.kicad_mod,nessun_modello,,
Keebio-Parts,USB-C-12-Pin-MidMount,footprints/mechanical/Keebio-Parts.pretty/USB-C-12-Pin-MidMount.kicad_mod,nessun_modello,,
Keebio-Parts,USB-Mini-B_ LCSC-C46398,footprints/mechanical/Keebio-Parts.pretty/USB-Mini-B_ LCSC-C46398.kicad_mod,nessun_modello,,
Keebio-Parts,USB-Mini-B_2leg,footprints/mechanical/Keebio-Parts.pretty/USB-Mini-B_2leg.kicad_mod,nessun_modello,,
Keebio-Parts,USB_miniB_HandSolder,footprints/mechanical/Keebio-Parts.pretty/USB_miniB_HandSolder.kicad_mod,nessun_modello,,
Keebio-Parts,VIA-0.6mm,footprints/mechanical/Keebio-Parts.pretty/VIA-0.6mm.kicad_mod,nessun_modello,,
Keebio-Parts,breakaway-hole-big,footprints/mechanical/Keebio-Parts.pretty/breakaway-hole-big.kicad_mod,nessun_modello,,
Keebio-Parts,breakaway-hole,footprints/mechanical/Keebio-Parts.pretty/breakaway-hole.kicad_mod,nessun_modello,,
Keebio-Parts,breakaway-mousebites,footprints/mechanical/Keebio-Parts.pretty/breakaway-mousebites.kicad_mod,nessun_modello,,
Keebio-Parts,solder_jumper,footprints/mechanical/Keebio-Parts.pretty/solder_jumper.kicad_mod,nessun_modello,,
ESP32-C3-DevKitC-02,ESP32-C3-DevKitC-02,footprints/microcontrollers/ESP32-C3-DevKitC-02.pretty/ESP32-C3-DevKitC-02.kicad_mod,nessun_modello,,
ESP32-C3-DevKitM-1,ESP32-C3-DevKitM-1,footprints/microcontrollers/ESP32-C3-DevKitM-1.pretty/ESP32-C3-DevKitM-1.kicad_mod,nessun_modello,,
ESP32-C5-DevKitC-1,ESP32-C5-DevKitC-1,footprints/microcontrollers/ESP32-C5-DevKitC-1.pretty/ESP32-C5-DevKitC-1.kicad_mod,nessun_modello,,
ESP32-C5-MINI-1,ESP32-C5-MINI-1,footprints/microcontrollers/ESP32-C5-MINI-1.pretty/ESP32-C5-MINI-1.kicad_mod,nessun_modello,,
ESP32-C6-DevKitC-1,ESP32-C6-DevKitC-1,footprints/microcontrollers/ESP32-C6-DevKitC-1.pretty/ESP32-C6-DevKitC-1.kicad_mod,nessun_modello,,
ESP32-C6-DevKitM-1,ESP32-C6-DevKitM-1,footprints/microcontrollers/ESP32-C6-DevKitM-1.pretty/ESP32-C6-DevKitM-1.kicad_mod,nessun_modello,,
ESP32-DevKitC,ESP32-DevKitC,footprints/microcontrollers/ESP32-DevKitC.pretty/ESP32-DevKitC.kicad_mod,nessun_modello,,
ESP32-DevKitM-1,ESP32-DevKitM-1,footprints/microcontrollers/ESP32-DevKitM-1.pretty/ESP32-DevKitM-1.kicad_mod,nessun_modello,,
ESP32-MINI-1,ESP32-MINI-1U,footprints/microcontrollers/ESP32-MINI-1.pretty/ESP32-MINI-1U.kicad_mod,nessun_modello,,
ESP32-P4,ESP32-P4,footprints/microcontrollers/ESP32-P4.pretty/ESP32-P4.kicad_mod,nessun_modello,,
ESP32-PICO-MINI-02,ESP32-PICO-MINI-02,footprints/microcontrollers/ESP32-PICO-MINI-02.pretty/ESP32-PICO-MINI-02.kicad_mod,nessun_modello,,
ESP32-PICO-MINI-02,ESP32-PICO-MINI-02U,footprints/microcontrollers/ESP32-PICO-MINI-02.pretty/ESP32-PICO-MINI-02U.kicad_mod,nessun_modello,,
ESP32-S2-DevKitC-1,ESP32-S2-DevKitC-1,footprints/microcontrollers/ESP32-S2-DevKitC-1.pretty/ESP32-S2-DevKitC-1.kicad_mod,nessun_modello,,
ESP32-S2-DevKitM,ESP32-S2-DevKitM,footprints/microcontrollers/ESP32-S2-DevKitM.pretty/ESP32-S2-DevKitM.kicad_mod,nessun_modello,,
ESP32-S2-Saola-1,ESP32-S2-Saola-1,footprints/microcontrollers/ESP32-S2-Saola-1.pretty/ESP32-S2-Saola-1.kicad_mod,nessun_modello,,
ESP32-S3-DevKitC,ESP32-S3-DevKitC,footprints/microcontrollers/ESP32-S3-DevKitC.pretty/ESP32-S3-DevKitC.kicad_mod,nessun_modello,,
ESP32-WROOM-DA,ESP32-WROOM-DA,footprints/microcontrollers/ESP32-WROOM-DA.pretty/ESP32-WROOM-DA.kicad_mod,nessun_modello,,
ESP8685-WROOM-05,ESP8685-Wroom-05,footprints/microcontrollers/ESP8685-WROOM-05.pretty/ESP8685-Wroom-05.kicad_mod,nessun_modello,,
ESP8685-WROOM-06,ESP8685-WROOM-06,footprints/microcontrollers/ESP8685-WROOM-06.pretty/ESP8685-WROOM-06.kicad_mod,nessun_modello,,
BGSA142GN12E6327XTSA1,PG-TSNP-12-1,footprints/other/BGSA142GN12E6327XTSA1.pretty/PG-TSNP-12-1.kicad_mod,nessun_modello,,
DMT6007LFG-7,TRANS_DMT6007LFG-7_DIO,footprints/other/DMT6007LFG-7.pretty/TRANS_DMT6007LFG-7_DIO.kicad_mod,nessun_modello,,
abracon,ASVMB,footprints/other/abracon.pretty/ASVMB.kicad_mod,nessun_modello,,
alps,ALPS_SCHA4B0100,footprints/other/alps.pretty/ALPS_SCHA4B0100.kicad_mod,nessun_modello,,
alps,ALPS_SCHA4B0400,footprints/other/alps.pretty/ALPS_SCHA4B0400.kicad_mod,nessun_modello,,
alps,ALPS_SCHA4B0419,footprints/other/alps.pretty/ALPS_SCHA4B0419.kicad_mod,nessun_modello,,
amp_te,1775838-2,footprints/other/amp_te.pretty/1775838-2.kicad_mod,nessun_modello,,
amp_te,2013289,footprints/other/amp_te.pretty/2013289.kicad_mod,nessun_modello,,
amphenol,AMPHENOL_RJHSE508004,footprints/other/amphenol.pretty/AMPHENOL_RJHSE508004.kicad_mod,nessun_modello,,
amphenol,ICD15S13E4GX,footprints/other/amphenol.pretty/ICD15S13E4GX.kicad_mod,nessun_modello,,
bat_coin,MPD_BU2032SM-BT-G,footprints/other/bat_coin.pretty/MPD_BU2032SM-BT-G.kicad_mod,nessun_modello,,
beaglebone_black,beaglebone_black,footprints/other/beaglebone_black.pretty/beaglebone_black.kicad_mod,nessun_modello,,
bel_fuse,SS-51000-003,footprints/other/bel_fuse.pretty/SS-51000-003.kicad_mod,nessun_modello,,
bourns,BOURNS_SRR1280,footprints/other/bourns.pretty/BOURNS_SRR1280.kicad_mod,nessun_modello,,
bourns,MF-LSMF,footprints/other/bourns.pretty/MF-LSMF.kicad_mod,nessun_modello,,
castellated_breakouts,QFP48-1.27MM-CASTELLATED,footprints/other/castellated_breakouts.pretty/QFP48-1.27MM-CASTELLATED.kicad_mod,nessun_modello,,
castellated_breakouts,QFP64-1.27MM-CASTELLATED,footprints/other/castellated_breakouts.pretty/QFP64-1.27MM-CASTELLATED.kicad_mod,nessun_modello,,
castellated_breakouts,SSOP8-1.27MM-CASTELLATED,footprints/other/castellated_breakouts.pretty/SSOP8-1.27MM-CASTELLATED.kicad_mod,nessun_modello,,
castellated_edge,CASTELLATED_EDGE_1x20_P1.27MM,footprints/other/castellated_edge.pretty/CASTELLATED_EDGE_1x20_P1.27MM.kicad_mod,nessun_modello,,
ck,CK_TPA511G,footprints/other/ck.pretty/CK_TPA511G.kicad_mod,nessun_modello,,
ck,CK_TSWB-3N-CB222_LFS,footprints/other/ck.pretty/CK_TSWB-3N-CB222_LFS.kicad_mod,nessun_modello,,
coilcraft,LPS5010,footprints/other/coilcraft.pretty/LPS5010.kicad_mod,nessun_modello,,
coilcraft,SER1590,footprints/other/coilcraft.pretty/SER1590.kicad_mod,nessun_modello,,
cts,219-2MST,footprints/other/cts.pretty/219-2MST.kicad_mod,nessun_modello,,
cui,CUI_CMA-4544PF-W,footprints/other/cui.pretty/CUI_CMA-4544PF-W.kicad_mod,nessun_modello,,
cui,CUI_SJ-3524-SMT,footprints/other/cui.pretty/CUI_SJ-3524-SMT.kicad_mod,nessun_modello,,
cui,CUI_SJ-43516-SMT,footprints/other/cui.pretty/CUI_SJ-43516-SMT.kicad_mod,nessun_modello,,
cui,CUI_SJ1-352XN,footprints/other/cui.pretty/CUI_SJ1-352XN.kicad_mod,nessun_modello,,
cui,MD-40SMK,footprints/other/cui.pretty/MD-40SMK.kicad_mod,nessun_modello,,
eastrising,ER-CON06HT-1,footprints/other/eastrising.pretty/ER-CON06HT-1.kicad_mod,nessun_modello,,
eastrising,ER-CON24HT-1,footprints/other/eastrising.pretty/ER-CON24HT-1.kicad_mod,nessun_modello,,
eastrising,ER-CON50HT-1,footprints/other/eastrising.pretty/ER-CON50HT-1.kicad_mod,nessun_modello,,
eastrising,ER-TFT024-3,footprints/other/eastrising.pretty/ER-TFT024-3.kicad_mod,nessun_modello,,
epcos,EPCOS_DCC6C,footprints/other/epcos.pretty/EPCOS_DCC6C.kicad_mod,nessun_modello,,
fiducial,FIDUCIAL_65MIL,footprints/other/fiducial.pretty/FIDUCIAL_65MIL.kicad_mod,nessun_modello,,
harwin,HARWIN_M20-9960645,footprints/other/harwin.pretty/HARWIN_M20-9960645.kicad_mod,nessun_modello,,
header,HEADER_11X2_REV_SM_254,footprints/other/header.pretty/HEADER_11X2_REV_SM_254.kicad_mod,nessun_modello,,
header,HEADER_11X2_REV_SM_254_AP,footprints/other/header.pretty/HEADER_11X2_REV_SM_254_AP.kicad_mod,nessun_modello,,
header,HEADER_13X2_REV_SM_254,footprints/other/header.pretty/HEADER_13X2_REV_SM_254.kicad_mod,nessun_modello,,
header,HEADER_13X2_REV_SM_254_AP,footprints/other/header.pretty/HEADER_13X2_REV_SM_254_AP.kicad_mod,nessun_modello,,
header,HEADER_20X2_SM_254_AP,footprints/other/header.pretty/HEADER_20X2_SM_254_AP.kicad_mod,nessun_modello,,
hirose,HIROSE_DF9-41S,footprints/other/hirose.pretty/HIROSE_DF9-41S.kicad_mod,nessun_modello,,
hole,HOLE_3200UM,footprints/other/hole.pretty/HOLE_3200UM.kicad_mod,nessun_modello,,
hole,HOLE_3200UM_VIAS,footprints/other/hole.pretty/HOLE_3200UM_VIAS.kicad_mod,nessun_modello,,
hole,HOLE_3P2MM,footprints/other/hole.pretty/HOLE_3P2MM.kicad_mod,nessun_modello,,
idi,R-100,footprints/other/idi.pretty/R-100.kicad_mod,nessun_modello,,
ipc_bga,IPC_BGA196CP65_14X14_1000X1000X143B30N,footprints/other/ipc_bga.pretty/IPC_BGA196CP65_14X14_1000X1000X143B30N.kicad_mod,nessun_modello,,
ipc_bga,IPC_BGA196CP80_14X14_1200X1200X152B43N,footprints/other/ipc_bga.pretty/IPC_BGA196CP80_14X14_1200X1200X152B43N.kicad_mod,nessun_modello,,
ipc_bga,IPC_BGA20CP40_5X4_201X161X62B26N,footprints/other/ipc_bga.pretty/IPC_BGA20CP40_5X4_201X161X62B26N.kicad_mod,nessun_modello,,
ipc_bga,IPC_BGA256CP50_16X16_900X900X100B30N,footprints/other/ipc_bga.pretty/IPC_BGA256CP50_16X16_900X900X100B30N.kicad_mod,nessun_modello,,
ipc_bga,IPC_BGA400CP127_20X20_2700X2700X260B75N,footprints/other/ipc_bga.pretty/IPC_BGA400CP127_20X20_2700X2700X260B75N.kicad_mod,nessun_modello,,
ipc_bga,IPC_BGA4CP35_2X2_71X71X40B20N,footprints/other/ipc_bga.pretty/IPC_BGA4CP35_2X2_71X71X40B20N.kicad_mod,nessun_modello,,
ipc_bga,IPC_BGA8CP50_2X4_86X186X50B23N,footprints/other/ipc_bga.pretty/IPC_BGA8CP50_2X4_86X186X50B23N.kicad_mod,nessun_modello,,
ipc_osccc,IPC_OSCCC320X500X105-4N,footprints/other/ipc_osccc.pretty/IPC_OSCCC320X500X105-4N.kicad_mod,nessun_modello,,
ipc_oscsc,IPC_OSCSC4P254_500X320X140L100X120N,footprints/other/ipc_oscsc.pretty/IPC_OSCSC4P254_500X320X140L100X120N.kicad_mod,nessun_modello,,
ipc_oscsc,OSCSC508P500X700X180-4N,footprints/other/ipc_oscsc.pretty/OSCSC508P500X700X180-4N.kicad_mod,nessun_modello,,
ipc_qfn,IPC_QFN25P50_450X350X80L42X24T300X200N_nonstd_pins,footprints/other/ipc_qfn.pretty/IPC_QFN25P50_450X350X80L42X24T300X200N_nonstd_pins.kicad_mod,nessun_modello,,
ipc_qfn,IPC_QFN45P40_600X500X80L40X21T450X350N,footprints/other/ipc_qfn.pretty/IPC_QFN45P40_600X500X80L40X21T450X350N.kicad_mod,nessun_modello,,
ipc_son,IPC_SON23P50_600X500X150L50X27T547X324N,footprints/other/ipc_son.pretty/IPC_SON23P50_600X500X150L50X27T547X324N.kicad_mod,nessun_modello,,
ipc_son,IPC_SON6P35_100X100X40L40X17N,footprints/other/ipc_son.pretty/IPC_SON6P35_100X100X40L40X17N.kicad_mod,nessun_modello,,
ipc_son,IPC_SON8P50_200X150X100L35X25N,footprints/other/ipc_son.pretty/IPC_SON8P50_200X150X100L35X25N.kicad_mod,nessun_modello,,
ipc_xtalsc,IPC_XTALSC320X500X135L130N,footprints/other/ipc_xtalsc.pretty/IPC_XTALSC320X500X135L130N.kicad_mod,nessun_modello,,
jst,JST_S2B-PH-SM4-TB,footprints/other/jst.pretty/JST_S2B-PH-SM4-TB.kicad_mod,nessun_modello,,
jst,JST_S3B-PH-SM4-TB,footprints/other/jst.pretty/JST_S3B-PH-SM4-TB.kicad_mod,nessun_modello,,
led_strip,LED_STRIP_WS2812,footprints/other/led_strip.pretty/LED_STRIP_WS2812.kicad_mod,nessun_modello,,
littelfuse,461,footprints/other/littelfuse.pretty/461.kicad_mod,nessun_modello,,
minicircuits,AT224-1A,footprints/other/minicircuits.pretty/AT224-1A.kicad_mod,nessun_modello,,
molex,1054500101,footprints/other/molex.pretty/1054500101.kicad_mod,nessun_modello,,
molex,479480001,footprints/other/molex.pretty/479480001.kicad_mod,nessun_modello,,
molex,MOLEX_0015244441,footprints/other/molex.pretty/MOLEX_0015244441.kicad_mod,nessun_modello,,
molex,MOLEX_54132-40XX_LR,footprints/other/molex.pretty/MOLEX_54132-40XX_LR.kicad_mod,nessun_modello,,
molex,MOLEX_54132-40XX_RL,footprints/other/molex.pretty/MOLEX_54132-40XX_RL.kicad_mod,nessun_modello,,
newhaven,NHD-2.4-240320SF-CTXI-FT1,footprints/other/newhaven.pretty/NHD-2.4-240320SF-CTXI-FT1.kicad_mod,nessun_modello,,
onshore,ONSHORE_OSTYK55102030,footprints/other/onshore.pretty/ONSHORE_OSTYK55102030.kicad_mod,nessun_modello,,
phoenix,1990009,footprints/other/phoenix.pretty/1990009.kicad_mod,nessun_modello,,
phoenix,1990067,footprints/other/phoenix.pretty/1990067.kicad_mod,nessun_modello,,
pot,NIDEC_ST-4EA,footprints/other/pot.pretty/NIDEC_ST-4EA.kicad_mod,nessun_modello,,
pulse,BH,footprints/other/pulse.pretty/BH.kicad_mod,nessun_modello,,
pulse,TOU,footprints/other/pulse.pretty/TOU.kicad_mod,nessun_modello,,
samtec,SAMTEC_QTH-090-01-F-D-A,footprints/other/samtec.pretty/SAMTEC_QTH-090-01-F-D-A.kicad_mod,nessun_modello,,
sullins,SULLINS_GRPB041VWTC,footprints/other/sullins.pretty/SULLINS_GRPB041VWTC.kicad_mod,nessun_modello,,
sullins,SULLINS_GRPB042VWQS,footprints/other/sullins.pretty/SULLINS_GRPB042VWQS.kicad_mod,nessun_modello,,
sullins,SULLINS_GRPB052VWQS,footprints/other/sullins.pretty/SULLINS_GRPB052VWQS.kicad_mod,nessun_modello,,
terminal_block,ED100_3DS,footprints/other/terminal_block.pretty/ED100_3DS.kicad_mod,nessun_modello,,
ti,TI_DRB_S-PVSON-N8,footprints/other/ti.pretty/TI_DRB_S-PVSON-N8.kicad_mod,nessun_modello,,
ti,TI_RKG_QFN-39,footprints/other/ti.pretty/TI_RKG_QFN-39.kicad_mod,nessun_modello,,
ti,TI_RWB_X2QFN-12,footprints/other/ti.pretty/TI_RWB_X2QFN-12.kicad_mod,nessun_modello,,
tp,TP_1MM,footprints/other/tp.pretty/TP_1MM.kicad_mod,nessun_modello,,
tp,TP_2MM,footprints/other/tp.pretty/TP_2MM.kicad_mod,nessun_modello,,
ublox,MAX-M8,footprints/other/ublox.pretty/MAX-M8.kicad_mod,nessun_modello,,
wurth,WE-TPC_4818,footprints/other/wurth.pretty/WE-TPC_4818.kicad_mod,nessun_modello,,
wurth,WE-TPC_5828,footprints/other/wurth.pretty/WE-TPC_5828.kicad_mod,nessun_modello,,
zif,DIP-32_W15.24mm_ZIF,footprints/other/zif.pretty/DIP-32_W15.24mm_ZIF.kicad_mod,nessun_modello,,
FSC-BT1035,FSC-BT1035,footprints/rf/FSC-BT1035.pretty/FSC-BT1035.kicad_mod,nessun_modello,,
antenna,TAOGLAS_IP.1621.25.4.A.02,footprints/rf/antenna.pretty/TAOGLAS_IP.1621.25.4.A.02.kicad_mod,nessun_modello,,
hackrf_expansion,HACKRF_ONE_EXPANSION,footprints/rf/hackrf_expansion.pretty/HACKRF_ONE_EXPANSION.kicad_mod,nessun_modello,,
rf_sma,EMERSON_142-0701-801,footprints/rf/rf_sma.pretty/EMERSON_142-0701-801.kicad_mod,nessun_modello,,
rf_sma,EMERSON_142-0701-801_4layer,footprints/rf/rf_sma.pretty/EMERSON_142-0701-801_4layer.kicad_mod,nessun_modello,,
rf_sma,MOLEX_0732511350,footprints/rf/rf_sma.pretty/MOLEX_0732511350.kicad_mod,nessun_modello,,
