footprint,removed_model_reference
footprints/audio/Combo384.pretty/Combo384.kicad_mod,${KISYS3DMOD}/Connectors.3dshapes/USB_B.wrl
footprints/display/lcd_kingtech.pretty/PV043WV-BICA3001_DSI.kicad_mod,${KISBLIB}/lcd_kingtech.pretty/DF40C-30DS.stp
footprints/fpga_cpld/lattice.pretty/LATTICE_BGA_CABGA381.kicad_mod,${KISBLIB}/lattice.pretty/LATTICE_BGA_CABGA381.step
footprints/mechanical/Keebio-Parts.pretty/4pin35mmAudio.kicad_mod,${KISBLIB}/Keebio-Parts.pretty/sj-43514.wrl
footprints/mechanical/Keebio-Parts.pretty/ArduinoProMicro-BackSide.kicad_mod,${KISBLIB}/Keebio-Parts.pretty/ArduinoProMicro.wrl
footprints/mechanical/Keebio-Parts.pretty/ArduinoProMicro-TopSide.kicad_mod,${KISBLIB}/Keebio-Parts.pretty/Pro_Micro.wrl
footprints/mechanical/Keebio-Parts.pretty/ArduinoProMicro-ZigZag.kicad_mod,${KISBLIB}/Keebio-Parts.pretty/ArduinoProMicro.wrl
footprints/mechanical/Keebio-Parts.pretty/ArduinoProMicro.kicad_mod,${KISBLIB}/Keebio-Parts.pretty/ArduinoProMicro.wrl
footprints/mechanical/Keebio-Parts.pretty/Elite-C-ZigZag.kicad_mod,${KISBLIB}/Keebio-Parts.pretty/ArduinoProMicro.wrl
footprints/mechanical/Keebio-Parts.pretty/Elite-C-castellated-24pin-holes.kicad_mod,${KISBLIB}/Keebio-Parts.pretty/ArduinoProMicro.wrl
footprints/mechanical/Keebio-Parts.pretty/Elite-C-castellated-24pin.kicad_mod,${KISBLIB}/Keebio-Parts.pretty/ArduinoProMicro.wrl
footprints/mechanical/Keebio-Parts.pretty/Elite-C-castellated-29pin-holes.kicad_mod,${KISBLIB}/Keebio-Parts.pretty/ArduinoProMicro.wrl
footprints/mechanical/Keebio-Parts.pretty/Elite-C-castellated-29pin.kicad_mod,${KISBLIB}/Keebio-Parts.pretty/ArduinoProMicro.wrl
footprints/mechanical/Keebio-Parts.pretty/Elite-C.kicad_mod,${KISBLIB}/Keebio-Parts.pretty/ArduinoProMicro.wrl
footprints/mechanical/Keebio-Parts.pretty/Elite-G-ZigZag-Bare-Flip.kicad_mod,${KISBLIB}/Keebio-Parts.pretty/ArduinoProMicro.wrl
footprints/mechanical/Keebio-Parts.pretty/Elite-G-ZigZag-Bare.kicad_mod,${KISBLIB}/Keebio-Parts.pretty/ArduinoProMicro.wrl
footprints/mechanical/Keebio-Parts.pretty/Elite-G-ZigZag.kicad_mod,${KISBLIB}/Keebio-Parts.pretty/ArduinoProMicro.wrl
footprints/mechanical/Keebio-Parts.pretty/Gateron-KS33-2u-Stabilizer-Cutout.kicad_mod,./Gateron-KS33-Socket.step
footprints/mechanical/Keebio-Parts.pretty/Kailh-Choc-V2-2u-Stabilizer-CPG1353G24D01-Cutout.kicad_mod,./Gateron-KS33-Socket.step
footprints/mechanical/Keebio-Parts.pretty/Kailh-PG1350-1.25u-LED-flip.kicad_mod,${KISBLIB}/Keebio-Parts.pretty/mx-switch.wrl
footprints/mechanical/Keebio-Parts.pretty/Kailh-PG1350-1.25u-LED-flip.kicad_mod,${KISBLIB}/Keebio-Parts.pretty/SA-R3-1u.wrl
footprints/mechanical/Keebio-Parts.pretty/Kailh-PG1350-1.25u-No-Clickhole.kicad_mod,${KISBLIB}/Keebio-Parts.pretty/mx-switch.wrl
footprints/mechanical/Keebio-Parts.pretty/Kailh-PG1350-1.25u-No-Clickhole.kicad_mod,${KISBLIB}/Keebio-Parts.pretty/SA-R3-1u.wrl
footprints/mechanical/Keebio-Parts.pretty/Kailh-PG1350-1.25u-NoLED.kicad_mod,${KISBLIB}/Keebio-Parts.pretty/mx-switch.wrl
footprints/mechanical/Keebio-Parts.pretty/Kailh-PG1350-1.25u-NoLED.kicad_mod,${KISBLIB}/Keebio-Parts.pretty/SA-R3-1u.wrl
footprints/mechanical/Keebio-Parts.pretty/Kailh-PG1350-1.25u.kicad_mod,${KISBLIB}/Keebio-Parts.pretty/mx-switch.wrl
footprints/mechanical/Keebio-Parts.pretty/Kailh-PG1350-1.25u.kicad_mod,${KISBLIB}/Keebio-Parts.pretty/SA-R3-1u.wrl
footprints/mechanical/Keebio-Parts.pretty/Kailh-PG1350-1.5u-No-Clickhole.kicad_mod,${KISBLIB}/Keebio-Parts.pretty/mx-switch.wrl
footprints/mechanical/Keebio-Parts.pretty/Kailh-PG1350-1.5u-No-Clickhole.kicad_mod,${KISBLIB}/Keebio-Parts.pretty/SA-R3-1u.wrl
footprints/mechanical/Keebio-Parts.pretty/Kailh-PG1350-1.5u-NoLED.kicad_mod,${KISBLIB}/Keebio-Parts.pretty/mx-switch.wrl
footprints/mechanical/Keebio-Parts.pretty/Kailh-PG1350-1.5u-NoLED.kicad_mod,${KISBLIB}/Keebio-Parts.pretty/SA-R3-1u.wrl
footprints/mechanical/Keebio-Parts.pretty/Kailh-PG1350-1.5u.kicad_mod,${KISBLIB}/Keebio-Parts.pretty/mx-switch.wrl
footprints/mechanical/Keebio-Parts.pretty/Kailh-PG1350-1.5u.kicad_mod,${KISBLIB}/Keebio-Parts.pretty/SA-R3-1u.wrl
footprints/mechanical/Keebio-Parts.pretty/Kailh-PG1350-1.75u-No-Clickhole.kicad_mod,${KISBLIB}/Keebio-Parts.pretty/mx-switch.wrl
footprints/mechanical/Keebio-Parts.pretty/Kailh-PG1350-1.75u-No-Clickhole.kicad_mod,${KISBLIB}/Keebio-Parts.pretty/SA-R3-1u.wrl
footprints/mechanical/Keebio-Parts.pretty/Kailh-PG1350-1.75u-NoLED.kicad_mod,${KISBLIB}/Keebio-Parts.pretty/mx-switch.wrl
footprints/mechanical/Keebio-Parts.pretty/Kailh-PG1350-1.75u-NoLED.kicad_mod,${KISBLIB}/Keebio-Parts.pretty/SA-R3-1u.wrl
footprints/mechanical/Keebio-Parts.pretty/Kailh-PG1350-1u-No-Clickhole.kicad_mod,${KISBLIB}/Keebio-Parts.pretty/mx-switch.wrl
footprints/mechanical/Keebio-Parts.pretty/Kailh-PG1350-1u-No-Clickhole.kicad_mod,${KISBLIB}/Keebio-Parts.pretty/SA-R3-1u.wrl
footprints/mechanical/Keebio-Parts.pretty/Kailh-PG1350-1u-NoLED.kicad_mod,${KISBLIB}/Keebio-Parts.pretty/mx-switch.wrl
footprints/mechanical/Keebio-Parts.pretty/Kailh-PG1350-1u-NoLED.kicad_mod,${KISBLIB}/Keebio-Parts.pretty/SA-R3-1u.wrl
footprints/mechanical/Keebio-Parts.pretty/Kailh-PG1350-1u-reversible-No-Clickhole.kicad_mod,${KISBLIB}/Keebio-Parts.pretty/mx-switch.wrl
footprints/mechanical/Keebio-Parts.pretty/Kailh-PG1350-1u-reversible-No-Clickhole.kicad_mod,${KISBLIB}/Keebio-Parts.pretty/SA-R3-1u.wrl
footprints/mechanical/Keebio-Parts.pretty/Kailh-PG1350-1u-reversible-flip.kicad_mod,${KISBLIB}/Keebio-Parts.pretty/mx-switch.wrl
footprints/mechanical/Keebio-Parts.pretty/Kailh-PG1350-1u-reversible-flip.kicad_mod,${KISBLIB}/Keebio-Parts.pretty/SA-R3-1u.wrl
footprints/mechanical/Keebio-Parts.pretty/Kailh-PG1350-1u-reversible.kicad_mod,${KISBLIB}/Keebio-Parts.pretty/mx-switch.wrl
footprints/mechanical/Keebio-Parts.pretty/Kailh-PG1350-1u-reversible.kicad_mod,${KISBLIB}/Keebio-Parts.pretty/SA-R3-1u.wrl
footprints/mechanical/Keebio-Parts.pretty/Kailh-PG1350-1u.kicad_mod,${KISBLIB}/Keebio-Parts.pretty/mx-switch.wrl
footprints/mechanical/Keebio-Parts.pretty/Kailh-PG1350-1u.kicad_mod,${KISBLIB}/Keebio-Parts.pretty/SA-R3-1u.wrl
footprints/mechanical/Keebio-Parts.pretty/Kailh-PG1350-2.25u-No-Clickhole.kicad_mod,${KISBLIB}/Keebio-Parts.pretty/mx-switch.wrl
footprints/mechanical/Keebio-Parts.pretty/Kailh-PG1350-2.25u-No-Clickhole.kicad_mod,${KISBLIB}/Keebio-Parts.pretty/SA-R3-1u.wrl
footprints/mechanical/Keebio-Parts.pretty/Kailh-PG1350-2.25u-NoLED.kicad_mod,${KISBLIB}/Keebio-Parts.pretty/mx-switch.wrl
footprints/mechanical/Keebio-Parts.pretty/Kailh-PG1350-2.25u-NoLED.kicad_mod,${KISBLIB}/Keebio-Parts.pretty/SA-R3-1u.wrl
footprints/mechanical/Keebio-Parts.pretty/Kailh-PG1350-2.25u-NoSwitch.kicad_mod,${KISBLIB}/Keebio-Parts.pretty/mx-switch.wrl
footprints/mechanical/Keebio-Parts.pretty/Kailh-PG1350-2.25u-NoSwitch.kicad_mod,${KISBLIB}/Keebio-Parts.pretty/SA-R3-1u.wrl
footprints/mechanical/Keebio-Parts.pretty/Kailh-PG1350-2.5u.kicad_mod,${KISBLIB}/Keebio-Parts.pretty/mx-switch.wrl
footprints/mechanical/Keebio-Parts.pretty/Kailh-PG1350-2.5u.kicad_mod,${KISBLIB}/Keebio-Parts.pretty/SA-R3-1u.wrl
footprints/mechanical/Keebio-Parts.pretty/Kailh-PG1350-2u-No-Clickhole.kicad_mod,${KISBLIB}/Keebio-Parts.pretty/mx-switch.wrl
footprints/mechanical/Keebio-Parts.pretty/Kailh-PG1350-2u-No-Clickhole.kicad_mod,${KISBLIB}/Keebio-Parts.pretty/SA-R3-1u.wrl
footprints/mechanical/Keebio-Parts.pretty/Kailh-PG1350-2u-NoLED.kicad_mod,${KISBLIB}/Keebio-Parts.pretty/mx-switch.wrl
footprints/mechanical/Keebio-Parts.pretty/Kailh-PG1350-2u-NoLED.kicad_mod,${KISBLIB}/Keebio-Parts.pretty/SA-R3-1u.wrl
footprints/mechanical/Keebio-Parts.pretty/Kailh-PG1350-2u-Vert-NoLED.kicad_mod,${KISBLIB}/Keebio-Parts.pretty/mx-switch.wrl
footprints/mechanical/Keebio-Parts.pretty/Kailh-PG1350-2u-Vert-NoLED.kicad_mod,${KISBLIB}/Keebio-Parts.pretty/SA-R3-1u.wrl
footprints/mechanical/Keebio-Parts.pretty/Kailh-PG1350-2u.kicad_mod,${KISBLIB}/Keebio-Parts.pretty/mx-switch.wrl
footprints/mechanical/Keebio-Parts.pretty/Kailh-PG1350-2u.kicad_mod,${KISBLIB}/Keebio-Parts.pretty/SA-R3-1u.wrl
footprints/mechanical/Keebio-Parts.pretty/Kailh_MX_Socket-compat.kicad_mod,${KISBLIB}/Keebio-Parts.pretty/cherrymx.wrl
footprints/mechanical/Keebio-Parts.pretty/RotaryEncoder_Alps_EC11E-Switch_Vertical_H20mm.kicad_mod,${KICAD6_3DMODEL_DIR}/Rotary_Encoder.3dshapes/RotaryEncoder_Alps_EC11E-Switch_Vertical_H20mm.wrl
footprints/mechanical/Keebio-Parts.pretty/RotaryEncoder_EC11-no-legs.kicad_mod,${KICAD6_3DMODEL_DIR}/Rotary_Encoder.3dshapes/RotaryEncoder_Alps_EC11E-Switch_Vertical_H20mm.wrl
footprints/mechanical/Keebio-Parts.pretty/RotaryEncoder_EC11.kicad_mod,${KICAD6_3DMODEL_DIR}/Rotary_Encoder.3dshapes/RotaryEncoder_Alps_EC11E-Switch_Vertical_H20mm.wrl
footprints/mechanical/Keebio-Parts.pretty/RotaryEncoder_EC11_Nonplated.kicad_mod,${KICAD6_3DMODEL_DIR}/Rotary_Encoder.3dshapes/RotaryEncoder_Alps_EC11E-Switch_Vertical_H20mm.wrl
footprints/mechanical/Keebio-Parts.pretty/SM0805D.kicad_mod,smd/chip_cms.wrl
footprints/mechanical/Keebio-Parts.pretty/SW_choc_v1+v2_HS_CPG135001S30_1.25u.kicad_mod,${KICAD8_3RD_PARTY}/3dmodels/com_github_ebastler_marbastlib/HS_CPG135001S30_Choc.step
footprints/mechanical/Keebio-Parts.pretty/SW_choc_v1+v2_HS_CPG135001S30_1.5u.kicad_mod,${KICAD8_3RD_PARTY}/3dmodels/com_github_ebastler_marbastlib/HS_CPG135001S30_Choc.step
footprints/mechanical/Keebio-Parts.pretty/SW_choc_v1+v2_HS_CPG135001S30_1.75u.kicad_mod,${KICAD8_3RD_PARTY}/3dmodels/com_github_ebastler_marbastlib/HS_CPG135001S30_Choc.step
footprints/mechanical/Keebio-Parts.pretty/SW_choc_v1+v2_HS_CPG135001S30_1u.kicad_mod,${KICAD8_3RD_PARTY}/3dmodels/com_github_ebastler_marbastlib/HS_CPG135001S30_Choc.step
footprints/mechanical/Keebio-Parts.pretty/SW_choc_v1+v2_HS_CPG135001S30_2.25u.kicad_mod,${KICAD8_3RD_PARTY}/3dmodels/com_github_ebastler_marbastlib/HS_CPG135001S30_Choc.step
footprints/mechanical/Keebio-Parts.pretty/SW_choc_v1+v2_HS_CPG135001S30_2.75u.kicad_mod,${KICAD8_3RD_PARTY}/3dmodels/com_github_ebastler_marbastlib/HS_CPG135001S30_Choc.step
footprints/mechanical/Keebio-Parts.pretty/SW_choc_v1+v2_HS_CPG135001S30_2u.kicad_mod,${KICAD8_3RD_PARTY}/3dmodels/com_github_ebastler_marbastlib/HS_CPG135001S30_Choc.step
footprints/mechanical/Keebio-Parts.pretty/TRRS_Jack-one-sided.kicad_mod,${KISBLIB}/Keebio-Parts.pretty/sj-43514.wrl
footprints/mechanical/Keebio-Parts.pretty/TRRS_Jack.kicad_mod,${KISBLIB}/Keebio-Parts.pretty/sj-43514.wrl
footprints/mechanical/Keebio-Parts.pretty/Triple-Dual-1u-LED-flip.kicad_mod,${KISBLIB}/Keebio-Parts.pretty/mx-switch.wrl
footprints/mechanical/Keebio-Parts.pretty/Triple-Dual-1u-LED-flip.kicad_mod,${KISBLIB}/Keebio-Parts.pretty/SA-R3-1u.wrl
footprints/mechanical/Keebio-Parts.pretty/Triple-Dual-1u-LED.kicad_mod,${KISBLIB}/Keebio-Parts.pretty/mx-switch.wrl
footprints/mechanical/Keebio-Parts.pretty/Triple-Dual-1u-LED.kicad_mod,${KISBLIB}/Keebio-Parts.pretty/SA-R3-1u.wrl
footprints/mechanical/Keebio-Parts.pretty/Triple-Dual-2u-LED-stab-flip.kicad_mod,${KISBLIB}/Keebio-Parts.pretty/mx-switch.wrl
footprints/mechanical/Keebio-Parts.pretty/Triple-Dual-2u-LED-stab-flip.kicad_mod,${KISBLIB}/Keebio-Parts.pretty/cherry-mx-stabilizer-2u-pcb.wrl
footprints/mechanical/Keebio-Parts.pretty/Triple-Dual-2u-LED-stab-flip.kicad_mod,${KISBLIB}/Keebio-Parts.pretty/SA-R3-2u.wrl
footprints/mechanical/Keebio-Parts.pretty/Triple-Dual-2u-LED.kicad_mod,${KISBLIB}/Keebio-Parts.pretty/mx-switch.wrl
footprints/mechanical/Keebio-Parts.pretty/Triple-Dual-2u-LED.kicad_mod,${KISBLIB}/Keebio-Parts.pretty/cherry-mx-stabilizer-2u-pcb.wrl
footprints/mechanical/Keebio-Parts.pretty/Triple-Dual-2u-LED.kicad_mod,${KISBLIB}/Keebio-Parts.pretty/SA-R3-2u.wrl
footprints/mechanical/Keebio-Parts.pretty/USB-C-12-Pin-MidMount.kicad_mod,${KISBLIB}/Keebio-Parts.pretty/USB4510-03-1-A.stp
footprints/mechanical/Keebio-Parts.pretty/USB_C_Receptacle_TYPE-C-16P-CB1-6-073.kicad_mod,${KISBLIB}/Keebio-Parts.pretty/USB4510-03-1-A.stp
footprints/other/abracon.pretty/ASVMB.kicad_mod,${KISBLIB}/abracon.pretty/ASVMB.STEP
footprints/other/alps.pretty/ALPS_SCHA4B0419.kicad_mod,${KISBLIB}/alps.pretty/SCHA4B0419.STEP
footprints/other/amp_te.pretty/1775838-2.kicad_mod,${KISBLIB}/amp_te.pretty/c-1775838-2-g-3d.stp
footprints/other/amp_te.pretty/1909763-1.kicad_mod,${KISBLIB}/amp_te.pretty/c-1909763-1-b-3d.stp
footprints/other/amp_te.pretty/2013289.kicad_mod,${KISBLIB}/amp_te.pretty/c-2-2013289-1-b-3d.stp
footprints/other/amphenol.pretty/12401610E4#2A.kicad_mod,${KISBLIB}/amphenol.pretty/M-12401610E4#2A-REVT2.stp
footprints/other/amphenol.pretty/AMPHENOL_RJHSE5080.kicad_mod,${KISBLIB}/amphenol.pretty/M-RJHSE-5080-REVT1.STEP
footprints/other/amphenol.pretty/ICD15S13E4GX.kicad_mod,${KISBLIB}/amphenol.pretty/sicd15s13e4gx00lf.stp
footprints/other/bat_coin.pretty/MPD_BU2032SM-BT-G.kicad_mod,${KISBLIB}/bat_coin.pretty/BU2032SM-BT-GTR.STEP
footprints/other/bel_fuse.pretty/SS-51000-003.kicad_mod,${KISBLIB}/bel_fuse.pretty/SS-51000-003.stp
footprints/other/coilcraft.pretty/LPS4018.kicad_mod,${KISBLIB}/coilcraft.pretty/Coilcraft-LPS4018.STEP
footprints/other/coilcraft.pretty/SER1590.kicad_mod,${KISBLIB}/coilcraft.pretty/SER1590.STEP
footprints/other/cui.pretty/CUI_SJ-43516-SMT.kicad_mod,${KISBLIB}/cui.pretty/sj-43514-smt.stp
footprints/other/cui.pretty/MD-40SMK.kicad_mod,${KISBLIB}/cui.pretty/CUI_MD-40S.step
footprints/other/cui.pretty/PJ-102AH.kicad_mod,${KISBLIB}/cui.pretty/CUI_PJ-102AH.step
footprints/other/eastrising.pretty/ER-CON06HT-1.kicad_mod,${KISBLIB}/eastrising.pretty/ER-CON06HT-1.wrl
footprints/other/eastrising.pretty/ER-CON24HT-1.kicad_mod,${KISBLIB}/eastrising.pretty/ER-CON24HT-1.wrl
footprints/other/eastrising.pretty/ER-CON50HT-1.kicad_mod,${KISBLIB}/eastrising.pretty/ER-CON50HT-1.wrl
footprints/other/eastrising.pretty/ER-TFT024-3.kicad_mod,${KISBLIB}/eastrising.pretty/ER-TFT024-3.wrl
footprints/other/header.pretty/HEADER_11X2_REV_SM_254_AP.kicad_mod,${KISBLIB}/header.pretty/TSM-111-01-L-DV-A-P-TR.stp
footprints/other/header.pretty/HEADER_13X2_REV_SM_254_AP.kicad_mod,${KISBLIB}/header.pretty/TSM-113-01-L-DV-A-P-TR.stp
footprints/other/hirose.pretty/HIROSE_DF9-41S.kicad_mod,${KISBLIB}/hirose.pretty/DF9B-41S-1V.stp
footprints/other/ipc_bga.pretty/IPC_BGA20CP40_5X4_201X161X62B26N.kicad_mod,${KISBLIB}/ipc_bga.pretty/BGA20CP40_5X4_201X161X62B26.step
footprints/other/ipc_bga.pretty/IPC_BGA256CP80_16X16_1400X1400X170B45N.kicad_mod,${KISBLIB}/ipc_bga.pretty/BGA256CP80_16X16_1400X1400X170B45.STEP
footprints/other/ipc_bga.pretty/IPC_BGA400CP127_20X20_2700X2700X260B75N.kicad_mod,${KISBLIB}/ipc_bga.pretty/BGA400CP127_20X20_2700X2700X260B75.STEP
footprints/other/ipc_bga.pretty/IPC_BGA4CP35_2X2_71X71X40B20N.kicad_mod,${KISBLIB}/ipc_bga.pretty/BGA4CP35_2X2_71X71X40B20.step
footprints/other/ipc_osccc.pretty/IPC_OSCCC320X250X110L75X100N.kicad_mod,${KISBLIB}/ipc_osccc.pretty/ASTX-H11.STEP
footprints/other/ipc_osccc.pretty/IPC_OSCCC320X250X120L75X100N.kicad_mod,${KISBLIB}/ipc_osccc.pretty/OSCCC320X250X120L75X100.STEP
footprints/other/ipc_oscsc.pretty/IPC_OSCSC4P254_500X320X140L100X120N.kicad_mod,${KISBLIB}/ipc_oscsc.pretty/OSCSC4P254_500X320X140L100X120.STEP
footprints/other/ipc_qfn.pretty/IPC_QFN45P40_600X500X80L40X21T450X350N.kicad_mod,${KISBLIB}/ipc_qfn.pretty/QFN45P40_600X500X80L40X21T450X350.STEP
footprints/other/ipc_son.pretty/IPC_SON23P50_600X500X150L50X27T547X324N.kicad_mod,${KISBLIB}/ipc_son.pretty/DQP0022A.stp
footprints/other/ipc_son.pretty/IPC_SON6P35_100X100X40L40X17N.kicad_mod,${KISBLIB}/ipc_son.pretty/DSF6.stp
footprints/other/ipc_son.pretty/IPC_SON8P50_200X150X100L35X25N.kicad_mod,${KISBLIB}/ipc_son.pretty/DLC0008A.stp
footprints/other/ipc_son.pretty/IPC_SON9P50_300X300X80L40X25T244X160N.kicad_mod,${KISBLIB}/ipc_son.pretty/CP_8_21.step
footprints/other/ipc_sot.pretty/IPC_SOT23-5P95_280X100L45X40N.kicad_mod,${KISBLIB}/ipc_sot.pretty/UJ_5.step
footprints/other/jst.pretty/JST_S2B-PH-SM4-TB.kicad_mod,${KISBLIB}/jst.pretty/S2B-PH-SM4-TB.STEP
footprints/other/jst.pretty/JST_S3B-PH-SM4-TB.kicad_mod,${KISBLIB}/jst.pretty/S3B-PH-SM4-TB.STEP
footprints/other/pot.pretty/NIDEC_ST-4EA.kicad_mod,${KISBLIB}/pot.pretty/ST-4EA10_100.stp
footprints/other/pulse.pretty/BH.kicad_mod,${KISBLIB}/pulse.pretty//T1094NL_3D.STEP
footprints/other/ti.pretty/TI_DBV_SOT-23-5.kicad_mod,${KISBLIB}/ti.pretty/DBV0005A.stp
footprints/other/ti.pretty/TI_DQA_R-PSON-N10.kicad_mod,${KISBLIB}/ti.pretty/DQA0010A.stp
footprints/other/ti.pretty/TI_RKG_QFN-39.kicad_mod,${KISBLIB}/ti.pretty/RKG0039A.stp
footprints/other/ti.pretty/TI_RWB_X2QFN-12.kicad_mod,${KISBLIB}/ti.pretty/RWB0012A.stp
footprints/other/ublox.pretty/MAX-M8.kicad_mod,${KISBLIB}/ublox.pretty/max_ap214.step
footprints/other/wurth.pretty/WE-HCI_7050.kicad_mod,${KISBLIB}/wurth.pretty/WE-HCI-7050_rev1.stp
footprints/other/wurth.pretty/WE-TPC_5828.kicad_mod,${KISBLIB}/wurth.pretty/WE-TPC-5828-rev1.stp
